feature_name_original,feature_name
preclinical_dosage_duration(days),Preclinical T2DM drug dosage duration (days)
preclinical_total_doses,Preclinical T2DM total drug doses
preclinical_administration_route_subcutaneous,Preclinical T2DM administration route: Subcutaneous
animal_weight_value(g),Preclinical T2DM animal weight (g)
preclinical_administration_route_oral,Preclinical T2DM administration route: Oral
animal_strain_TALLYHO/JngJ,Preclinical T2DM strain: TALLYHO/JngJ
animal_strain_C57BL/6,Preclinical T2DM strain: C57BL/6
preclinical_administration_route_oral gavage,Preclinical T2DM administration route: Oral gavage
animal_strain_Spontaneously Diabetic Torii,Preclinical T2DM strain: Spontaneously Diabetic Torii
age_groups_CHILD,Clinical age groups: Child
"age_groups_CHILD,ADULT","Clinical age groups: Child or adult"
animal_strain_C57BL/6NRj,Preclinical T2DM strain: C57BL/6NRj
animal_strain_C57BL/6J,Preclinical T2DM strain: C57BL/6J
animal_strain_UCD-T2DM,Preclinical T2DM strain: UCD-T2DM
animal_strain_C57BL/6NTac,Preclinical T2DM strain: C57BL/6NTac
age_groups_OLDER_ADULT,Clinical age groups: Older adult
clinical_dosage_duration(days),Clinical T2DM drug dosage duration (days)
phases_PHASE1,Clinical phase: I
clinical_change_of_hba1c_value,Clinical change in HbA1c (T2DM)
sample_size,Sample size
preclinical_dosage_amount_unit_% (w/w),Preclinical T2DM dosage unit: % (w/w)
animal_strain_NONcNZO10/LtJ,Preclinical T2DM strain: NONcNZO10/LtJ
animal_strain_Sprague-Dawley,Preclinical T2DM strain: Sprague-Dawley
preclinical_administration_route_intragastric,Preclinical T2DM administration route: Intragastric
animal_species_Rats,Preclinical species: Rats
preclinical_administration_route_gastric intubation,Preclinical T2DM administration route: Gastric intubation
animal_species_Gerbillinae,Preclinical species: Gerbillinae
animal_strain_Psammomys obesus,Preclinical T2DM strain: Psammomys obesus
animal_sex_both,Preclinical animal sex: Both
preclinical_dosage_amount_unit_mg/kg,Preclinical T2DM dosage unit: mg/kg
disease_induction_method_streptozotocin,Preclinical T2DM disease model: Streptozotocin-induced
animal_strain_Zucker Diabetic Fatty,Preclinical T2DM strain: Zucker Diabetic Fatty
disease_induction_method_high-fat diet+streptozotocin,Preclinical T2DM disease model: High-fat diet + streptozotocin
animal_strain_KK-Ay,Preclinical T2DM strain: KK-Ay
animal_strain_3xTg-AD,Preclinical T2DM strain: 3xTg-AD
preclinical_dosage_amount_unit_pm/kg/min,Preclinical T2DM dosage unit: pm/kg/min
"age_groups_CHILD,ADULT,OLDER_ADULT","Clinical age groups: Child, adult, or older adult"
clinical_total_dosage(mg),Clinical T2DM total dosage (mg)
animal_strain_db/db,Preclinical T2DM strain: db/db
age_groups_ADULT,Clinical age groups: Adult
"age_groups_ADULT,OLDER_ADULT","Clinical age groups: Adult or older adult"
phases_PHASE2,Clinical phase: II
preclinical_administration_route_intraperitoneal,Preclinical T2DM administration route: Intraperitoneal
preclinical_dosage_amount_unit_nmol/kg,Preclinical T2DM dosage unit: nmol/kg
disease_induction_method_high-fat diet,Preclinical T2DM disease model: High-fat diet
animal_strain_Wistar,Preclinical T2DM strain: Wistar
animal_species_Mice,Preclinical species: Mice
disease_induction_method_genetic,Preclinical T2DM disease model: Genetic
animal_age(days),Preclinical T2DM animal age (days)
animal_sex_female,Preclinical animal sex: Female
animal_sex_male,Preclinical animal sex: Male
animal_subject_size,Preclinical number of animals per group
disease_induction_method_streptozotocin+nicotinamide,Preclinical T2DM disease model: Streptozotocin + nicotinamide
phases_PHASE4,Clinical phase: IV
animal_strain_Otsuka Long-Evans Tokushima Fatty,Preclinical T2DM strain: OLETF
preclinical_administration_route_gavage,Preclinical T2DM administration route: Gavage
clinical_total_doses,Clinical T2DM total drug doses
phases_PHASE3,Clinical phase: III
preclinical_dosage_amount_value,Preclinical T2DM dosage amount
clinical_dosage_amount(mg),Clinical T2DM dosage amount (mg)
preclinical_change_of_hba1c_value,Preclinical change in HbA1c (T2DM)
animal_strain_Kunming,Preclinical T2DM strain: Kunming
animal_strain_ICR,Preclinical T2DM strain: ICR
animal_strain_C57BL/6N,Preclinical T2DM strain: C57BL/6N
animal_strain_ampkα2 knockout,Preclinical T2DM strain: Ampkα2 knockout
preclinical_dosage_amount_unit_g/kg,Preclinical T2DM dosage unit: g/kg
"phases_PHASE2,PHASE3","Clinical phase: II or III"
animal_strain_C57BLKS/J-db/db,Preclinical T2DM strain: C57BLKS/J-db/db
preclinical_dosage_amount_unit_μg/kg,Preclinical T2DM dosage unit: μg/kg
gender_all,Clinical gender: All
animal_strain_ob/ob,Preclinical T2DM strain: ob/ob
preclinical_dosage_frequency_1+every2days,Preclinical T2DM dosage frequency: Once every two days
preclinical_dosage_frequency_2+every7days,Preclinical T2DM dosage frequency: Twice weekly
preclinical_dosage_frequency_1+every1days,Preclinical T2DM dosage frequency: Once daily
preclinical_dosage_frequency_2+every1days,Preclinical T2DM dosage frequency: Twice daily
preclinical_dosage_frequency_1+every7days,Preclinical T2DM dosage frequency: Once weekly
preclinical_dosage_frequency_5+every7days,Preclinical T2DM dosage frequency: Five times weekly
clinical_dosage_frequency_1+every7days,Clinical T2DM dosage frequency: Once weekly
clinical_dosage_frequency_2+every1days,Clinical T2DM dosage frequency: Twice daily
clinical_dosage_frequency_3+every1days,Clinical T2DM dosage frequency: Three times daily
clinical_dosage_frequency_1+every1days,Clinical T2DM dosage frequency: Once daily
