feature_name,rank_sequential_feature_selection,importance_predictive_model,rank_predictive_model,mean_|shap|,rank_|shap|
scaler_0__preclinical_dosage_amount_value(mg/kg),41,0.012725053,18,0.8647889,6
ohe_1__preclinical_dosage_frequency_1 + every 1 day,8,0.0031271828,29,0.10065963,24
ohe_1__preclinical_dosage_frequency_1 + every 2 days,44,0.004170758,24,0.044681,32
ohe_1__preclinical_dosage_frequency_2 + every 1 day,19,0.004180792,22,0.040627908,34
ohe_1__preclinical_dosage_frequency_2 + every 7 days,20,0.0017126193,36,0.005054449,41
ohe_1__preclinical_dosage_frequency_5 + every 1 week,34,0.00077464106,41,0.0052290005,40
scaler_2__preclinical_dosage_duration(days),40,0.006467691,21,0.3190175,14
ohe_3__preclinical_administration_route_subcutaneous,28,0.015433869,14,0.10994775,23
scaler_4__preclinical_animal_age_before_experiment(days),48,0.027148718,13,1.1441158,3
scaler_5__preclinical_animal_age_before_treatment(days),47,0.033854768,10,0.95588726,5
scaler_6__preclinical_animal_weight_before_experiment(grams),17,0.033659287,11,0.29463756,15
scaler_7__preclinical_animal_weight_before_treatment(grams),1,0.16831997,1,2.4303508,1
ohe_8__preclinical_animal_strain_C57BL/6,45,0.07055038,4,0.400935,10
ohe_8__preclinical_animal_strain_C57BL/6J,37,0.013507817,16,0.1287393,21
ohe_8__preclinical_animal_strain_C57BL/6JRj,46,0.014277601,15,0.09926992,25
ohe_8__preclinical_animal_strain_C57BL/6N,43,0.0511884,9,0.25402632,18
ohe_8__preclinical_animal_strain_C57BL/6NRj,9,0.00082512136,40,0.03366709,35
ohe_8__preclinical_animal_strain_C57BL/6NTac,30,0.00077382167,42,0.021965964,38
ohe_8__preclinical_animal_strain_Golden Syrian,22,0.00047444244,44,0.003129799,44
ohe_8__preclinical_animal_strain_Goto-Kakizaki,49,0.051264938,8,0.27229393,17
ohe_8__preclinical_animal_strain_KKAy,18,0.00023289511,45,0.0013434229,45
ohe_8__preclinical_animal_strain_Ldlr−/−,10,0.0,47,0.0,47
ohe_8__preclinical_animal_strain_Sprague–Dawley,39,0.0038877146,25,0.15709332,19
ohe_8__preclinical_animal_strain_Unknown,15,0.00092593033,39,0.0035782964,42
ohe_8__preclinical_animal_strain_Wistar,51,0.09293217,3,0.38759425,12
ohe_8__preclinical_animal_strain_Wistar Kyoto,36,0.0,48,0.0,48
ohe_8__preclinical_animal_strain_db/db,29,0.009200066,20,0.081480086,29
ohe_9__preclinical_animal_species_cynomolgus monkeys,11,0.0,49,0.0,49
ohe_9__preclinical_animal_species_hamsters,23,0.0,50,0.0,50
ohe_9__preclinical_animal_species_mice,38,0.055965357,6,0.39934352,11
ohe_9__preclinical_animal_species_rats,42,0.004171166,23,0.026465418,37
ohe_10__preclinical_animal_sex_Unknown,27,0.0037804525,26,0.1538811,20
ohe_10__preclinical_animal_sex_female,32,0.030314472,12,0.08242374,28
ohe_10__preclinical_animal_sex_male,31,0.060389437,5,0.11177187,22
scaler_11__preclinical_animal_subject_size,3,0.054832395,7,1.1133738,4
ohe_12__preclinical_disease_model_diet:high-fat,35,0.0019078866,35,0.04372606,33
ohe_12__preclinical_disease_model_diet:high-fat+high-carbohydrate,14,0.0,51,0.0,51
ohe_12__preclinical_disease_model_diet:high-fat+high-cholesterol,12,0.0,52,0.0,52
ohe_12__preclinical_disease_model_diet:high-fat+high-fructose,13,0.0007313642,43,0.0034864438,43
ohe_12__preclinical_disease_model_diet:high-fat+high-sugar,33,0.0020990272,34,0.05515015,31
ohe_12__preclinical_disease_model_diet:high-fat+high-sugar+high-cholesterol,24,0.0,53,0.0,53
ohe_12__preclinical_disease_model_genetic,16,5.263912e-05,46,0.0005140926,46
scaler_13__preclinical_total_doses,50,0.12033756,2,2.312654,2
scaler_14__preclinical_total_dosage_amount(mg/kg),2,0.010968909,19,0.5670421,8
ohe_15__clinical_age_groups_ADULT,25,0.0013551653,38,0.009915039,39
"ohe_15__clinical_age_groups_ADULT,OLDER_ADULT",7,0.002713446,31,0.29190463,16
ohe_15__clinical_age_groups_CHILD,21,0.001554519,37,0.026597442,36
"ohe_15__clinical_age_groups_CHILD,ADULT",4,0.012995995,17,0.36163732,13
ohe_16__clinical_phases_PHASE3,26,0.002293483,32,0.096303776,26
scaler_17__clinical_sample_size,6,0.0033428736,28,0.75305253,7
scaler_18__clinical_dosage_amount_value(mg),5,0.0033936915,27,0.4327743,9
scaler_19__clinical_dosage_duration(days),52,0.0022625017,33,0.09575587,27
scaler_20__clinical_total_doses,53,0.0,54,0.0,54
scaler_21__clinical_total_dosage_amount(mg),54,0.0029210662,30,0.080908276,30
