fold,rank_weight,rank_duration,rank_age,top3_is_the_named_three,named_three_share_pct,mean_rho_vs_other_folds,min_rho_vs_other_folds
minus_canagliflozin,1,2,3,True,52.6,0.927,0.782
minus_exenatide,1,2,3,True,54.6,0.929,0.798
minus_liraglutide,1,2,6,False,56.9,0.765,0.715
minus_medi0382,1,2,3,True,55.6,0.936,0.789
minus_metformin,1,2,3,True,57.6,0.907,0.743
minus_orlistat,1,2,3,True,59.7,0.9,0.757
minus_semaglutide,1,2,3,True,51.3,0.875,0.715
minus_survodutide,1,2,3,True,53.6,0.934,0.776
minus_tirzepatide,1,2,3,True,55.1,0.923,0.762
