mesh_term	mesh_id
Huntington Disease	D006816
Triple Negative Breast Neoplasms	D064726
Carcinoma, Hepatocellular	D006528
Muscular Dystrophy, Duchenne	D020388
Parkinson Disease	D010300
Drug Resistance, Multiple, Bacterial	D024901
Alzheimer Disease	D000544
Diabetic Cardiomyopathies	D058065
Idiopathic Pulmonary Fibrosis	D054990
Prostatic Hyperplasia	D011470
Acne Vulgaris	D000152
Mucopolysaccharidosis I	D008059
Anxiety	D001007
Altitude Sickness	D000532
Ovarian Torsion	D000082843
Oxidative Stress	D018384
Non-alcoholic Fatty Liver Disease	D065626
Alcoholism	D000437
Melioidosis	D008554
Influenza, Human	D007251
Glioblastoma	D005909
Ventricular Fibrillation	D014693
Sepsis-Associated Encephalopathy	D065166
Prostatic Neoplasms, Castration-Resistant	D064129
Diabetes Mellitus, Type 2	D003924
Lassa Fever	D007835
Neuroblastoma	D009447
Depression	D003863
Premenstrual Dysphoric Disorder	D065446
Carcinoma, Renal Cell	D002292
Stomach Neoplasms	D013274
Carcinoma, Non-Small-Cell Lung	D002289
Multiple Sclerosis, Chronic Progressive	D020528
Cystic Fibrosis	D003550
Depressive Disorder, Major	D003865
Colitis, Ulcerative	D003093
Mucopolysaccharidosis III	D009084
Pre-Eclampsia	D011225
Endometriosis	D004715
Shock, Septic	D012772
Chronic Pain	D059350
Colitis-Associated Neoplasms	D000083023
Arteriovenous Fistula	D001164
Anemia, Sickle Cell	D000755
Rift Valley Fever	D012295
Epilepsy, Temporal Lobe	D004833
Graft Rejection	D006084
Pseudomonas Infections	D011552
Metabolic Syndrome	D024821
Nephrotic Syndrome	D009404
Hypoxia-Ischemia, Brain	D020925
Hyperuricemia	D033461
Eye Burns	D005126
Silicosis	D012829
Liver Abscess, Pyogenic	D046290
Rosacea	D012393
Fibromyalgia	D005356
Multiple Sclerosis, Relapsing-Remitting	D020529
Thyroid Carcinoma, Anaplastic	D065646
Pulmonary Arterial Hypertension	D000081029
Premature Birth	D047928
Proteinuria	D011507
Respiratory Syncytial Virus Infections	D018357
Crigler-Najjar Syndrome	D003414
Sciatica	D012585
Diabetic Nephropathies	D003928
Osteoporosis, Postmenopausal	D015663
Retinoblastoma	D012175
Progeria	D011371
Squamous Cell Carcinoma of Head and Neck	D000077195
Retinal Neovascularization	D015861
Cardiotoxicity	D066126
Lymphoma, Large B-Cell, Diffuse	D016403
Pseudarthrosis	D011542
Hemorrhagic Fever, Crimean	D006479
Anemia, Iron-Deficiency	D018798
Methamphetamine	D008694
Keloid	D007627
Intervertebral Disc Degeneration	D055959
Cystinosis	D003554
Multiple Organ Failure	D009102
Herpes Zoster	D006562
Peritonitis	D010538
Diabetic Foot	D017719
Dysautonomia, Familial	D004402
Adenomyosis	D062788
Trypanosomiasis, African	D014353
Lymphoma, Mantle-Cell	D020522
Hepatic Encephalopathy	D006501
Short Bowel Syndrome	D012778
Adenocarcinoma of Lung	D000077192
HIV-1	D015497
Stenosis, Pulmonary Vein	D000071078
Leukomalacia, Periventricular	D007969
Seizures, Febrile	D003294
Dysmenorrhea	D004412
Sudden Unexpected Death in Epilepsy	D000080485
Uterine Cervical Neoplasms	D002583
Lymphoma, T-Cell, Peripheral	D016411
Peripheral Nerve Injuries	D059348
Fabry Disease	D000795
Amyotrophic Lateral Sclerosis	D000690
Myocardial Reperfusion Injury	D015428
Persistent Infection	D000088562
Osteomyelitis	D010019
Status Epilepticus	D013226
Low Back Pain	D017116
Osteogenesis Imperfecta	D010013
Glomerulonephritis, IGA	D005922
Corneal Neovascularization	D016510
Erectile Dysfunction	D007172
Sarcopenia	D055948
Hepatitis B, Chronic	D019694
Surgical Wound Infection	D013530
Cardiomyopathy, Dilated	D002311
Prosthesis-Related Infections	D016459
Esophageal Squamous Cell Carcinoma	D000077277
Skin Aging	D015595
Postoperative Cognitive Complications	D000079690
Malocclusion	D008310
Polycystic Ovary Syndrome	D011085
Precursor T-Cell Lymphoblastic Leukemia-Lymphoma	D054218
Cardio-Renal Syndrome	D059347
Bile Duct Neoplasms	D001650
Dermatitis, Atopic	D003876
Optic Nerve Injuries	D020221
Retinopathy of Prematurity	D012178
Plague	D010930
Stress Disorders, Post-Traumatic	D013313
Corneal Injuries	D065306
Blood Coagulation	D001777
Encephalitis, Tick-Borne	D004675
Pulmonary Embolism	D011655
Diabetic Retinopathy	D003930
Mucositis	D052016
Attention Deficit Disorder with Hyperactivity	D001289
Organophosphate Poisoning	D062025
Peritoneal Neoplasms	D010534
Gallbladder Neoplasms	D005706
Propionic Acidemia	D056693
Cerebral Palsy	D002547
Osteoarthritis, Knee	D020370
Acinetobacter Infections	D000151
Klebsiella Infections	D007710
Hyperalgesia	D006930
Mycobacterium avium-intracellulare Infection	D015270
Enterocolitis, Necrotizing	D020345
Transfusion-Related Acute Lung Injury	D000073617
Choroidal Neovascularization	D020256
Leukemia, Erythroblastic, Acute	D004915
Whooping Cough	D014917
Hepatoblastoma	D018197
Leishmaniasis, Visceral	D007898
Glycogen Storage Disease Type II	D006009
Hearing Loss, Noise-Induced	D006317
Hemangioma, Cavernous, Central Nervous System	D020786
Pseudoxanthoma Elasticum	D011561
Small Cell Lung Carcinoma	D055752
Scleroderma, Systemic	D012595
Hypercholesterolemia	D006937
Bronchitis, Chronic	D029481
Kasabach-Merritt Syndrome	D059885
Nasopharyngeal Carcinoma	D000077274
Burkitt Lymphoma	D002051
Cadmium Poisoning	D002105
Conjunctivitis, Allergic	D003233
Fragile X Syndrome	D005600
Lupus Nephritis	D008181
Leber Congenital Amaurosis	D057130
Optic Atrophy, Hereditary, Leber	D029242
Cicatrix, Hypertrophic	D017439
Anger	D000786
Gyrate Atrophy	D015799
Leukemia, Myelomonocytic, Chronic	D015477
Rotavirus Infections	D012400
Subarachnoid Hemorrhage	D013345
Invasive Pulmonary Aspergillosis	D055744
Muscular Dystrophy, Oculopharyngeal	D039141
Leukodystrophy, Globoid Cell	D007965
Ependymoma	D004806
Drug Resistance, Neoplasm	D019008
Facial Pain	D005157
Tobacco Use Disorder	D014029
Crohn Disease	D003424
Polyradiculoneuropathy, Chronic Inflammatory Demyelinating	D020277
Gaucher Disease	D005776
Dental Caries	D003731
Malaria, Cerebral	D016779
Ototoxicity	D000081015
Botulism	D001906
Neurofibrosarcoma	D018319
Prediabetic State	D011236
Anesthesia, Local	D000772
Atrial Fibrillation	D001281
Meniere Disease	D008575
Angelman Syndrome	D017204
Carcinoma, Small Cell	D018288
Mesothelioma, Malignant	D000086002
Cryptosporidiosis	D003457
Shock, Hemorrhagic	D012771
Urinary Tract Infections	D014552
Spinal Cord Ischemia	D020760
Vocal Cord Paralysis	D014826
Zika Virus Infection	D000071243
Desmoplastic Small Round Cell Tumor	D058405
Anorexia Nervosa	D000856
Arthritis, Gouty	D015210
Latent Tuberculosis	D055985
Familial Hypophosphatemic Rickets	D053098
Pain, Postoperative	D010149
Cerebral Hemorrhage	D002543
Bulbo-Spinal Atrophy, X-Linked	D055534
Brain Concussion	D001924
Endotoxemia	D019446
Fatigue Syndrome, Chronic	D015673
Irritable Bowel Syndrome	D043183
SARS-CoV-2	D000086402
Vitreoretinopathy, Proliferative	D018630
Spasms, Infantile	D013036
Hepatitis, Autoimmune	D019693
Leukemia-Lymphoma, Adult T-Cell	D015459
Torsades de Pointes	D016171
Mastitis	D008413
Epilepsy, Post-Traumatic	D004834
Medulloblastoma	D008527
Radiation Injuries, Experimental	D011833
Diabetes Insipidus, Nephrogenic	D018500
Thyroid Cancer, Papillary	D000077273
Hemophilia A	D006467
Pseudorabies	D011557
Trigeminal Neuralgia	D014277
Sialorrhea	D012798
Kidney Failure, Chronic	D007676
Chagas Cardiomyopathy	D002598
Smallpox	D012899
Snake Bites	D012909
Anus Neoplasms	D001005
Autistic Disorder	D001321
Niemann-Pick Disease, Type C	D052556
Dermatitis, Allergic Contact	D017449
Spinal Fusion	D013123
Chordoma	D002817
Spastic Paraplegia, Hereditary	D015419
Post-Acute COVID-19 Syndrome	D000094024
Granulosa Cell Tumor	D006106
Histiocytosis, Langerhans-Cell	D006646
Spina Bifida Cystica	D016137
Chikungunya Fever	D065632
Diffuse Intrinsic Pontine Glioma	D000080443
Cardiomyopathy, Restrictive	D002313
Hepatorenal Syndrome	D006530
Acute-On-Chronic Liver Failure	D065290
Sarcoma, Kaposi	D012514
Carcinoma, Ovarian Epithelial	D000077216
Stomach Ulcer	D013276
Brucellosis	D002006
Graves Ophthalmopathy	D049970
Exocrine Pancreatic Insufficiency	D010188
Sarcoma, Ewing	D012512
Urinary Bladder, Neurogenic	D001750
Hypothermia	D007035
Primary Myelofibrosis	D055728
Lead Poisoning	D007855
Condylomata Acuminata	D003218
Morphine Dependence	D009021
Pemphigus	D010392
Carcinoma, Merkel Cell	D015266
Urinary Bladder, Overactive	D053201
Fracture Healing	D017102
Orchitis	D009920
Colorectal Neoplasms, Hereditary Nonpolyposis	D003123
Dysentery, Bacillary	D004405
Nephritis, Hereditary	D009394
Hypertensive Crisis	D000096003
Herpesvirus 1, Human	D018259
Hodgkin Disease	D006689
Fetal Alcohol Spectrum Disorders	D063647
Periapical Periodontitis	D010485
Mushroom Poisoning	D009145
Ischemic Attack, Transient	D002546
Leukemia, Lymphocytic, Chronic, B-Cell	D015451
Leiomyosarcoma	D007890
Urethral Stricture	D014525
Oral Ulcer	D019226
Stargardt Disease	D000080362
Epilepsy, Absence	D004832
Hand, Foot and Mouth Disease	D006232
Encephalitis, Japanese	D004672
Bronchopulmonary Dysplasia	D001997
Cocaine-Related Disorders	D019970
Stomatitis	D013280
Neuronal Ceroid-Lipofuscinoses	D009472
Typhoid Fever	D014435
Marfan Syndrome	D008382
Essential Tremor	D020329
Liver Regeneration	D008115
Severe Fever with Thrombocytopenia Syndrome	D000085142
Intracranial Aneurysm	D002532
Receptor, ErbB-2	D018719
Primary Ovarian Insufficiency	D016649
Radiation Pneumonitis	D017564
Lymphohistiocytosis, Hemophagocytic	D051359
Neonatal Abstinence Syndrome	D009357
Hemorrhagic Fever, Ebola	D019142
Anaphylaxis	D000707
Neoplasm Recurrence, Local	D009364
Cystitis, Interstitial	D018856
Bipolar Disorder	D001714
Wolfram Syndrome	D014929
Pneumonia, Ventilator-Associated	D053717
Pregnancy, Unplanned	D049168
Rotator Cuff Injuries	D000070636
Myositis Ossificans	D009221
Peritoneal Fibrosis	D056627
Carcinoma, Pancreatic Ductal	D021441
Q Fever	D011778
Leigh Disease	D007888
Pulpitis	D011671
Acute Radiation Syndrome	D054508
Epidermolysis Bullosa, Junctional	D016109
Escherichia coli Infections	D004927
Paracoccidioidomycosis	D010229
Soft Tissue Infections	D018461
Herpes Genitalis	D006558
Vaginosis, Bacterial	D016585
Fever	D005334
Arthritis, Psoriatic	D015535
Syringomyelia	D013595
Alopecia Areata	D000506
Cachexia	D002100
Adipose Tissue, Brown	D002001
Pressure Ulcer	D003668
Sjogren's Syndrome	D012859
Gastrointestinal Stromal Tumors	D046152
Cholangitis, Sclerosing	D015209
Coronary Restenosis	D023903
Tuberous Sclerosis	D014402
Polycythemia Vera	D011087
Depression, Postpartum	D019052
Severe Acute Respiratory Syndrome	D045169
Lupus Vasculitis, Central Nervous System	D020945
Tinnitus	D014012
Ankle Injuries	D016512
Influenza A Virus, H1N1 Subtype	D053118
Retinal Detachment	D012163
Leukodystrophy, Metachromatic	D007966
Cancer Pain	D000072716
Mpox, Monkeypox	D045908
Phenylketonurias	D010661
Catheter-Related Infections	D055499
Spinal Neoplasms	D013125
Anastomotic Leak	D057868
Peri-Implantitis	D057873
Disseminated Intravascular Coagulation	D004211
Neurofibromatosis 1	D009456
Babesiosis	D001404
Candidiasis, Vulvovaginal	D002181
Endometritis	D004716
Trichosporonosis	D060586
Homocystinuria	D006712
Cellulite	D000071697
Multiple System Atrophy	D019578
Methicillin-Resistant Staphylococcus aureus	D055624
Precursor B-Cell Lymphoblastic Leukemia-Lymphoma	D015452
Hepatolenticular Degeneration	D006527
Rhabdoid Tumor	D018335
Fetal Growth Retardation	D005317
Facial Paralysis	D005158
Pheochromocytoma	D010673
Middle East Respiratory Syndrome Coronavirus	D065207
Adenovirus Infections, Human	D000258
Fecal Incontinence	D005242
Opiate Overdose	D000083682
Infertility, Female	D007247
Helicobacter Infections	D016481
Heat Stroke	D018883
Mucopolysaccharidosis II	D016532
Mycosis Fungoides	D009182
Rabies	D011818
Temporomandibular Joint Disorders	D013705
Respiratory Syncytial Virus, Human	D018113
Lewy Body Disease	D020961
Leishmaniasis, Cutaneous	D016773
Ventricular Remodeling	D020257
HIV Wasting Syndrome	D019247
Chemotherapy-Related Cognitive Impairment	D000084202
Leukemia, Promyelocytic, Acute	D015473
Argininosuccinic Aciduria	D056807
Adrenocortical Carcinoma	D018268
Coronary Artery Disease	D003324
Hypertension, Portal	D006975
Muscle Cramp	D009120
Eczema	D004485
Onychomycosis	D014009
Hemorrhagic Stroke	D000083302
Extensively Drug-Resistant Tuberculosis	D054908
Tuberculosis, Pulmonary	D014397
Amniotic Fluid	D000653
Cytokine Release Syndrome	D000080424
Liver Cirrhosis, Biliary	D008105
Congenital Disorders of Glycosylation	D018981
Bursitis	D002062
Atypical Hemolytic Uremic Syndrome	D065766
Congenital Hyperinsulinism	D044903
Vitiligo	D014820
Syphilis	D013587
Keratosis, Actinic	D055623
Chronic Periodontitis	D055113
Glucose Intolerance	D018149
Pulmonary Emphysema	D011656
Insulinoma	D007340
Glomerulosclerosis, Focal Segmental	D005923
Encephalomyelitis, Venezuelan Equine	D004685
Giant Axonal Neuropathy	D056768
Hypertension, Malignant	D006974
Acute Pain	D059787
Persian Gulf Syndrome	D018923
Retinal Vein Occlusion	D012170
Machado-Joseph Disease	D017827
Anti-N-Methyl-D-Aspartate Receptor Encephalitis	D060426
Pseudomyxoma Peritonei	D011553
Leiomyoma	D007889
Ventricular Dysfunction, Right	D018497
Friedreich Ataxia	D005621
Schistosomiasis japonica	D012554
Polyendocrinopathies, Autoimmune	D016884
Ductus Arteriosus, Patent	D004374
Down Syndrome	D004314
Ulcer	D014456
Dental Pulp Necrosis	D003790
Cystinuria	D003555
Mycobacterium avium	D009162
Spermatic Cord Torsion	D013086
Hemophilia B	D002836
Recurrent Laryngeal Nerve Injuries	D061226
Squamous Intraepithelial Lesions	D000081483
Meningioma	D008579
Pancreatitis, Chronic	D050500
Ornithine Carbamoyltransferase Deficiency Disease	D020163
Cardiopulmonary Resuscitation	D016887
Frailty	D000073496
Kyasanur Forest Disease	D007733
Heroin Dependence	D006556
Burns, Chemical	D002057
Asthma-Chronic Obstructive Pulmonary Disease Overlap Syndrome	D000080445
Mucopolysaccharidosis IV	D009085
Meningitis, Cryptococcal	D016919
Atrial Remodeling	D064752
Endothelium, Vascular	D004730
Dysbiosis	D064806
Carcinoma, Transitional Cell	D002295
Osteoporotic Fractures	D058866
Ebolavirus	D029043
Tracheal Stenosis	D014135
Lymphoma, Extranodal NK-T-Cell	D054391
Lactose Intolerance	D007787
Tonsillitis	D014069
Emergence Delirium	D000071257
Hernias, Diaphragmatic, Congenital	D065630
Hypertriglyceridemia	D015228
Henipavirus Infections	D045464
Myocarditis	D009205
Carcinoma, Ehrlich Tumor	D002286
Hashimoto Disease	D050031
Ciliary Motility Disorders	D002925
Keratoconjunctivitis Sicca	D007638
Hemorrhagic Fever with Renal Syndrome	D006480
Supranuclear Palsy, Progressive	D013494
Ossification, Heterotopic	D009999
Prostatitis	D011472
Tongue Neoplasms	D014062
Lymphatic Metastasis	D008207
Mycetoma	D008271
Cryopyrin-Associated Periodic Syndromes	D056587
Trichinellosis	D014235
Epidermolysis Bullosa Simplex	D016110
Liver Transplantation	D016031
Gonorrhea	D006069
Herpesvirus 2, Human	D018258
Kidney Transplantation	D016030
Necroptosis	D000079302
Liver Abscess, Amebic	D008101
Intermittent Claudication	D007383
Fasciitis, Necrotizing	D019115
Fatigue	D005221
Leukemia, Hairy Cell	D007943
Fanconi Anemia	D005199
Kashin-Beck Disease	D057767
Scorpion Stings	D065008
Polycystic Kidney, Autosomal Recessive	D017044
Massive Hepatic Necrosis	D047508
Ascites	D001201
Anterior Cruciate Ligament Injuries	D000070598
Usher Syndromes	D052245
Gingival Recession	D005889
Candidiasis, Oral	D002180
Marburg Virus Disease	D008379
Leprosy	D007918
Herpesvirus 3, Human	D014645
Hypertension, Renovascular	D006978
Bronchiectasis	D001987
Legg-Calve-Perthes Disease	D007873
Lymphangioleiomyomatosis	D018192
Trichuriasis	D014257
Non-Muscle Invasive Bladder Neoplasms	D000093284
Uveomeningoencephalitic Syndrome	D014607
Toxoplasmosis, Cerebral	D016781
Glomerulonephritis, Membranous	D015433
Telangiectasia, Hereditary Hemorrhagic	D013683
Dental Pulp Exposure	D003789
Priapism	D011317
Oral Submucous Fibrosis	D009914
Out-of-Hospital Cardiac Arrest	D058687
Toxoplasmosis, Ocular	D014126
Heart Injuries	D006335
Prader-Willi Syndrome	D011218
Lymphoma, Follicular	D008224
beta-Thalassemia	D017086
Spondylitis, Ankylosing	D013167
Muscular Dystrophy, Facioscapulohumeral	D020391
Carcinoma, Adenoid Cystic	D003528
Cushing Syndrome	D003480
Carcinoma, Endometrioid	D018269
Barth Syndrome	D056889
Inflammatory Breast Neoplasms	D058922
Amnesia, Transient Global	D020236
Diabetes, Gestational	D016640
Hirsutism	D006628
Premature Ejaculation	D061686
Atrophic Vaginitis	D059268
Keratitis, Herpetic	D016849
Essential Hypertension	D000075222
Tinea Pedis	D014008
West Nile Fever	D014901
Heart Valve Prosthesis	D006350
Corneal Opacity	D003318
Limbal Stem Cell Deficiency	D000092423
Eosinophilic Esophagitis	D057765
Opioid-Induced Constipation	D000079689
Microcirculation	D008833
Chronic Limb-Threatening Ischemia	D000089802
Giardiasis	D005873
Acute Coronary Syndrome	D054058
Hypertrophy, Left Ventricular	D017379
Mumps	D009107
Alcohol Withdrawal Seizures	D020270
Campylobacter Infections	D002169
Meningitis, Pneumococcal	D008586
Hydrocephalus, Normal Pressure	D006850
Pneumonia, Pneumococcal	D011018
von Willebrand Diseases	D014842
Myofascial Pain Syndromes	D009209
Propofol Infusion Syndrome	D000072736
Esophageal Stenosis	D004940
Canavan Disease	D017825
Depressive Disorder, Treatment-Resistant	D061218
Rett Syndrome	D015518
Moyamoya Disease	D009072
Neurofibromatosis 2	D016518
Learning Disabilities	D007859
Bone Regeneration	D001861
Myopathies, Nemaline	D017696
Mucormycosis	D009091
Osteitis Deformans	D010001
Ovarian Hyperstimulation Syndrome	D016471
Hepatitis, Alcoholic	D006519
Yellow Fever	D015004
IgA Vasculitis	D011695
Intervertebral Disc Displacement	D007405
Hepatitis C, Chronic	D019698
Cholera	D002771
Microscopic Polyangiitis	D055953
Lung Transplantation	D016040
Bronchiolitis Obliterans Syndrome	D000092122
Esophagitis, Peptic	D004942
Vascular Stiffness	D059289
Chorioamnionitis	D002821
Choriocarcinoma, Non-gestational	D031954
Abortion, Habitual	D000026
Purpura, Thrombocytopenic, Idiopathic	D016553
Dyskeratosis Congenita	D019871
Capillary Leak Syndrome	D019559
Mucocutaneous Lymph Node Syndrome	D009080
Spinal Fractures	D016103
DiGeorge Syndrome	D004062
Toxocariasis	D014120
Uterine Cervical Dysplasia	D002578
Farber Lipogranulomatosis	D055577
Carcinoid Tumor	D002276
Macular Edema	D008269
Kidney Calculi	D007669
Haemophilus Infections	D006192
Intra-Abdominal Hypertension	D059325
Retinal Pigment Epithelium	D055213
Tuberculosis, Meningeal	D014390
Lafora Disease	D020192
Li-Fraumeni Syndrome	D016864
Malaria, Falciparum	D016778
Embolism, Amniotic Fluid	D004619
Fatty Liver, Alcoholic	D005235
Schistosomiasis mansoni	D012555
Vascular System Injuries	D057772
Acquired Immunodeficiency Syndrome	D000163
Arrhythmogenic Right Ventricular Dysplasia	D019571
Post-Lyme Disease Syndrome	D000077342
Optic Neuropathy, Ischemic	D018917
Adenomatous Polyposis Coli	D011125
Pneumonia, Staphylococcal	D011023
Primary Graft Dysfunction	D055031
Tibial Fractures	D013978
Sarcoma, Synovial	D013584
MELAS Syndrome	D017241
HTLV-I Infections	D015490
Rotavirus	D012401
Neuromyelitis Optica	D009471
Cellular Senescence	D016922
Tay-Sachs Disease	D013661
Infant, Premature	D007234
Platelet Aggregation	D010974
Takotsubo Cardiomyopathy	D054549
Pouchitis	D019449
Celiac Disease	D002446
Leptospirosis	D007922
Biofilms	D018441
Cyclosporiasis	D021866
Acromegaly	D000172
Menkes Kinky Hair Syndrome	D007706
Neonatal Sepsis	D000071074
Tularemia	D014406
Angioedemas, Hereditary	D054179
Gastric Fistula	D005747
Abdominal Injuries	D000007
Pancreatitis, Acute Necrotizing	D019283
Embolic Stroke	D000083262
Tachycardia, Ectopic Junctional	D013613
Leukemia, Myelomonocytic, Juvenile	D054429
Glycogen Storage Disease Type III	D006010
Leukemia, Megakaryoblastic, Acute	D007947
Glycosylphosphatidylinositols	D017261
Hidradenitis Suppurativa	D017497
Anastomosis, Surgical	D000714
Contrast Media	D003287
Porphyria, Acute Intermittent	D017118
Embryo Implantation	D010064
Retinoschisis	D041441
Hyperphosphatemia	D054559
Familial Mediterranean Fever	D010505
Rhabdomyolysis	D012206
Coccidioidomycosis	D003047
Hearing Loss, Sudden	D003639
Cystitis, Hemorrhagic	D000096722
Milk Hypersensitivity	D016269
Intubation, Intratracheal	D007442
Reproductive Health	D060728
Hemorrhoids	D006484
Anthrax	D000881
Elephantiasis, Filarial	D004605
Sleep Deprivation	D012892
Mesenteric Vascular Occlusion	D008641
Vesico-Ureteral Reflux	D014718
Pyelonephritis	D011704
Dust Mite Allergy	D000092542
Influenza A Virus, H5N1 Subtype	D053124
Urinary Bladder Neck Obstruction	D001748
Mercury Poisoning	D008630
Plasmacytoma	D010954
Drug Tolerance	D004361
Pleurisy	D010998
Bronchoconstriction	D016084
Pregnancy Complications, Infectious	D011251
Tissue Adhesions	D000267
Tumor Hypoxia	D000072258
Carcinosarcoma	D002296
Hypopharyngeal Neoplasms	D007012
Carcinoma, Lewis Lung	D018827
Pleural Effusion, Malignant	D016066
Papilloma	D010212
Prolactinoma	D015175
Laryngeal Neoplasms	D007822
Osteopetrosis	D010022
Arthritis, Experimental	D001169
Tetanus	D013742
Yaws	D015001
Poliomyelitis	D011051
Typhus, Epidemic Louse-Borne	D014438
Serum Sickness	D012713
Kidney Cortex Necrosis	D007673
Shwartzman Phenomenon	D012790
Neutropenia	D009503
Adrenoleukodystrophy	D000326
Teratoma	D013724
Encephalomyelitis, Autoimmune, Experimental	D004681
Legionnaires' Disease	D007877
Anemia, Sideroblastic	D000756
Hemothorax	D006491
Strongyloidiasis	D013322
Jaundice, Obstructive	D041781
Carcinoma, Large Cell	D018287
West Nile virus	D014902
Creutzfeldt-Jakob Syndrome	D007562
Histiocytoma, Malignant Fibrous	D051677
Gastric Acid	D005744
Diabetic Ketoacidosis	D016883
Smith-Lemli-Opitz Syndrome	D019082
Mania	D000087122
Apoptosis	D017209
Antiphospholipid Syndrome	D016736
Radiculopathy	D011843
Purpura, Thrombotic Thrombocytopenic	D011697
Korsakoff Syndrome	D020915
Barrett Esophagus	D001471
Pulmonary Edema	D011654
Pain, Intractable	D010148
Hypercalciuria	D053565
Charcot-Marie-Tooth Disease	D002607
Marijuana Abuse	D002189
Arthritis, Juvenile	D001171
Death, Sudden, Cardiac	D016757
Hypercalcemia	D006934
Pneumonia, Necrotizing	D000071067
Prosthesis Failure	D011475
Analgesics, Opioid	D000701
Stress Disorders, Traumatic, Acute	D040701
Maple Syrup Urine Disease	D008375
Severe Dengue	D019595
Laryngostenosis	D007829
Pemphigoid, Bullous	D010391
Influenza in Birds	D005585
Glanders	D005896
Human Papillomavirus Viruses	D000094302
Vasospasm, Intracranial	D020301
Granulomatous Disease, Chronic	D006105
Autoimmune Lymphoproliferative Syndrome	D056735
Encephalomyelitis, Western Equine	D020241
Bronchial Spasm	D001986
Arsenic Poisoning	D020261
Myositis, Inclusion Body	D018979
Jervell-Lange Nielsen Syndrome	D029593
Meningeal Carcinomatosis	D055756
Hookworm Infections	D006725
Corneal Transplantation	D016039
Complex Regional Pain Syndromes	D020918
Biliary Atresia	D001656
Serotonin Syndrome	D020230
Pediatric Obesity	D063766
Malignant Hyperthermia	D008305
Sarcoma, Alveolar Soft Part	D018234
Dystonia	D004421
Pneumonia, Pneumocystis	D011020
Visceral Pain	D059265
Encephalitis, Herpes Simplex	D020803
Gingival Overgrowth	D019214
Sarcoma, Clear Cell	D018227
Hepatopulmonary Syndrome	D020065
Panic Disorder	D016584
Neuralgia, Postherpetic	D051474
Chemical Warfare Agents	D002619
Otitis Media with Effusion	D010034
Hyperprolactinemia	D006966
Uranium	D014501
Optic Nerve Glioma	D020339
Anemia, Neonatal	D000751
Sunburn	D013471
Fascioliasis	D005211
Smoking Cessation	D016540
Hematopoietic Stem Cell Transplantation	D018380
Vaccination	D014611
Nociception	D059225
Bronchiolitis, Viral	D001990
Glomerulonephritis, Membranoproliferative	D015432
Gliosarcoma	D018316
Urinary Incontinence, Stress	D014550
Eye Pain	D058447
Angina, Unstable	D000789
Lymphoma, Large-Cell, Anaplastic	D017728
Vascular Remodeling	D066253
Osteochondritis Dissecans	D010008
Lymphoma, Primary Effusion	D054685
Hyperplasia	D006965
Autonomic Dysreflexia	D020211
Giant Cell Tumor of Tendon Sheath	D000070779
Peutz-Jeghers Syndrome	D010580
Fetal Death	D005313
Hypotension, Orthostatic	D007024
alpha 1-Antitrypsin Deficiency	D019896
Uveitis, Anterior	D014606
Paroxysmal Hemicrania	D051302
Polycystic Kidney, Autosomal Dominant	D016891
Mesenteric Ischemia	D065666
Wilms Tumor	D009396
Brain Edema	D001929
Buruli Ulcer	D054312
Monkeypox virus	D008993
Kaposi Varicelliform Eruption	D007617
AIDS-Associated Nephropathy	D016263
Duodenal Ulcer	D004381
Neointima	D058426
Hyperkalemia	D006947
Encephalitis, St. Louis	D004674
Peanut Hypersensitivity	D021183
Bronchial Hyperreactivity	D016535
Drug Resistant Epilepsy	D000069279
Gastroparesis	D018589
Heart Failure, Diastolic	D054144
Hypereosinophilic Syndrome	D017681
Mannosidase Deficiency Diseases	D044904
Capsule Opacification	D058442
Brugada Syndrome	D053840
Ileus	D045823
Rhabdomyosarcoma, Alveolar	D018232
Carcinoma, Medullary	D018276
Mitral Valve Insufficiency	D008944
Chondrosarcoma, Mesenchymal	D018211
Vaccinia	D014615
Coronary Vasospasm	D003329
Hypophosphatasia	D007014
Hemorrhagic Fever, American	D006478
Sandhoff Disease	D012497
Rhinosinusitis	D000096825
Schizophrenia, Paranoid	D012563
Pain Management	D059408
Amenorrhea	D000568
Color Vision Defects	D003117
Carotid Artery Injuries	D020212
Bisphosphonate-Associated Osteonecrosis of the Jaw	D059266
Hantavirus Pulmonary Syndrome	D018804
Pulmonary Valve Stenosis	D011666
Immunoglobulin Light-chain Amyloidosis	D000075363
Low Tension Glaucoma	D057066
Mucopolysaccharidosis VI	D009087
Ataxia Telangiectasia	D001260
Atrial Flutter	D001282
Delayed Graft Function	D051799
Amphetamine-Related Disorders	D019969
Hepacivirus	D016174
Hyperbilirubinemia, Neonatal	D051556
Shiga-Toxigenic Escherichia coli	D054323
Infectious Mononucleosis	D007244
Epilepsy, Reflex	D020195
Hymenolepiasis	D006925
Hyperacusis	D012001
Varicocele	D014646
Pelizaeus-Merzbacher Disease	D020371
Stress, Psychological	D013315
Amblyopia	D000550
Paraplegia	D010264
Leukemia, Mast-Cell	D007946
Graft Occlusion, Vascular	D006083
Williams Syndrome	D018980
Factor VII Deficiency	D005168
Myalgia	D063806
Autoimmunity	D015551
Anti-Glomerular Basement Membrane Disease	D019867
Bulimia	D002032
Hemochromatosis	D006432
Scabies	D012532
Osteoradionecrosis	D010025
Myotonia	D009222
Osteogenesis	D010012
Ureteral Obstruction	D014517
Methotrexate	D008727
Listeriosis	D008088
Circadian Rhythm	D002940
Candidemia	D058387
Common Cold	D003139
Vascular Access Devices	D062666
Wiskott-Aldrich Syndrome	D014923
Aortic Valve Insufficiency	D001022
Myotonic Dystrophy	D009223
Caliciviridae Infections	D017250
Thymoma	D013945
Radiodermatitis	D011855
Retinal Necrosis Syndrome, Acute	D015882
Obesity Hypoventilation Syndrome	D010845
Muscle Spasticity	D009128
Facial Nerve Injuries	D020220
Decompression Sickness	D003665
Aging, Premature	D019588
Intussusception	D007443
Alcoholic Neuropathy	D020269
Lymphangiogenesis	D042583
Mucopolysaccharidosis VII	D016538
Arthritis, Reactive	D016918
Edema	D004487
Acidosis, Lactic	D000140
Multiple Endocrine Neoplasia Type 1	D018761
Adenoma, Liver Cell	D018248
Root Resorption	D012391
Leukoencephalitis, Acute Hemorrhagic	D004684
Post-Cardiac Arrest Syndrome	D000080942
Radiation Fibrosis Syndrome	D000087525
Fear	D005239
Fanconi Syndrome	D005198
Toluene	D014050
Cardiomyopathy, Alcoholic	D002310
Alveolar Bone Loss	D016301
Myotonia Congenita	D009224
Gastric Mucosa	D005753
Castleman Disease	D005871
Seroma	D049291
von Hippel-Lindau Disease	D006623
Pneumonia, Mycoplasma	D011019
Sick Sinus Syndrome	D012804
Cowpox	D015605
Encephalomyelitis, Eastern Equine	D020242
Cone-Rod Dystrophies	D000071700
Cnidarian Venoms	D003064
Cauda Equina Syndrome	D000077684
Liver Cirrhosis, Alcoholic	D008104
Hemangiosarcoma	D006394
Neuropathology	D000069338
Myoclonus	D009207
Nasal Polyps	D009298
Microsporidiosis	D016881
Blood Group Incompatibility	D001787
Pneumothorax	D011030
Brain Death	D001926
Fractures, Spontaneous	D005598
Diarrhea, Infantile	D003968
Otomycosis	D059249
Binge Drinking	D063425
Breast Neoplasms, Male	D018567
Myocardial Stunning	D017682
Hyperargininemia	D020162
Histoplasmosis	D006660
Multiple Acyl Coenzyme A Dehydrogenase Deficiency	D054069
Keratoconus	D007640
Favism	D005236
Immunosenescence	D000068884
Familial Primary Pulmonary Hypertension	D065627
Choroideremia	D015794
Fractures, Open	D005597
Muscular Dystrophy, Emery-Dreifuss	D020389
Multiple Endocrine Neoplasia Type 2a	D018813
Hepatic Veno-Occlusive Disease	D006504
Endophthalmitis	D009877
Oligodendroglioma	D009837
Neoplasms, Radiation-Induced	D009381
Renal Artery Obstruction	D012078
Ross River Virus Infection	D000096745
Acanthamoeba Keratitis	D015823
Wolman Disease	D015223
Constriction, Pathologic	D003251
Thymus Gland	D013950
Leydig Cell Tumor	D007984
Epilepsy, Tonic-Clonic	D004830
Psychopathology	D011599
Glaucoma, Open-Angle	D005902
Airway Resistance	D000403
Gastritis	D005756
Fuchs' Endothelial Dystrophy	D005642
Mucolipidoses	D009081
Hyperaldosteronism	D006929
Coronary Thrombosis	D003328
Monckeberg Medial Calcific Sclerosis	D050380
Carbon Monoxide Poisoning	D002249
Hyperoxaluria, Primary	D006960
Polymyositis	D017285
Asphyxia Neonatorum	D001238
Tobacco Smoking	D000073869
Citrullinemia	D020159
Chronic Traumatic Encephalopathy	D000070627
Aneurysm, Ascending Aorta	D000094625
Dysentery, Amebic	D004404
Multiple Trauma	D009104
Ascariasis	D001196
Pantothenate Kinase-Associated Neurodegeneration	D006211
Hirschsprung Disease	D006627
Tympanic Membrane Perforation	D018058
Glycogen Storage Disease Type I	D005953
Infant, Low Birth Weight	D007230
Weight Gain	D015430
Hyperkinesis	D006948
Narcolepsy	D009290
Aortic Aneurysm, Thoracoabdominal	D000094624
Sensory Gating	D055139
Organ Preservation	D009926
Neoplasms, Hormone-Dependent	D009376
Pregnancy, Unwanted	D011275
Immune Reconstitution Inflammatory Syndrome	D054019
Malaria, Vivax	D016780
Problem Behavior	D000066553
White Matter	D066127
Biotinidase Deficiency	D028921
Amelogenesis Imperfecta	D000567
Azoospermia	D053713
Spinal Cord Neoplasms	D013120
Radioactive Hazard Release	D018788
Migraine with Aura	D020325
Sleep Disorders, Circadian Rhythm	D020178
Rhabdomyosarcoma, Embryonal	D018233
Chronic Cough	D000096822
Hyperekplexia	D000071017
Toxoplasmosis, Congenital	D014125
Neonatal Brachial Plexus Palsy	D000076984
Menisci, Tibial	D008592
Diaphragm	D003964
Thrombotic Stroke	D000083244
Muscle Weakness	D018908
Antipsychotic Agents	D014150
Venous Insufficiency	D014689
Chronic Kidney Disease-Mineral and Bone Disorder	D012080
Leukemia, Plasma Cell	D007952
Chorioretinitis	D002825
Acrocephalosyndactylia	D000168
Heart Failure, Systolic	D054143
Spinal Stenosis	D013130
Endometrial Hyperplasia	D004714
Diffuse Axonal Injury	D020833
Social Behavior Disorders	D012920
Hyperlipoproteinemia Type I	D008072
Macrophage Activation Syndrome	D055501
Vancomycin Resistance	D020713
Cherubism	D002636
Respiratory Distress Syndrome, Newborn	D012127
Pneumonia, Aspiration	D011015
Thrombocytopenia, Neonatal Alloimmune	D054098
Intestinal Mucosa	D007413
Homozygous Familial Hypercholesterolemia	D000090542
Alcohol Withdrawal Delirium	D000430
Influenza A Virus, H7N9 Subtype	D064766
Epistaxis	D004844
Fractures, Comminuted	D018460
Hyperammonemia	D022124
Bernard-Soulier Syndrome	D001606
Cryptorchidism	D003456
Spermatogenesis	D013091
Tremor	D014202
Carcinogenesis	D063646
Neurofibroma, Plexiform	D018318
Splenomegaly	D013163
Tooth Socket	D020390
Lymphoma, AIDS-Related	D016483
Human T-lymphotropic virus 1	D015368
Hypogonadism	D007006
Giant Cell Tumor of Bone	D018212
Eclampsia	D004461
Hypertrophy, Right Ventricular	D017380
Small Fiber Neuropathy	D000071075
Colitis, Ischemic	D017091
Bradycardia	D001919
Intracranial Arteriovenous Malformations	D002538
Geographic Atrophy	D057092
Osteitis	D010000
Meningitis, Meningococcal	D008585
Myopathy, Central Core	D020512
Giant Cell Arteritis	D013700
Cat-Scratch Disease	D002372
Endocardial Fibroelastosis	D004695
Pythiosis	D058968
Rhinitis, Allergic, Seasonal	D006255
Lambert-Eaton Myasthenic Syndrome	D015624
Heparin	D006493
Vulvar Neoplasms	D014846
Intracranial Thrombosis	D020767
Nephrogenic Fibrosing Dermopathy	D054989
Obesity, Morbid	D009767
Dengue Virus	D003716
Scoliosis	D012600
Intestinal Failure	D000090124
Rheumatic Heart Disease	D012214
Nerve Degeneration	D009410
Sudden Infant Death	D013398
Abdominal Pain	D015746
Gangliosidosis, GM1	D016537
Theileriasis	D013801
Myasthenic Syndromes, Congenital	D020294
Hepatitis E	D016751
Carcinoma, Embryonal	D018236
Dermatofibrosarcoma	D018223
Incisional Hernia	D000069290
Venous Thromboembolism	D054556
Bone Marrow Transplantation	D016026
Methemoglobinemia	D008708
Neurogenesis	D055495
Excoriation Disorder	D000096705
Onchocerciasis, Ocular	D015827
Intraocular Pressure	D007429
Cerebrospinal Fluid Leak	D065634
Nevus, Pigmented	D009508
Hypocalcemia	D006996
Labor, Induced	D007751
Nephrosis, Lipoid	D009402
Alexander Disease	D038261
Arthralgia	D018771
Port-Wine Stain	D019339
Aggression	D000374
Restless Legs Syndrome	D012148
Vulvodynia	D056650
Cytomegalovirus Retinitis	D017726
Renal Colic	D056844
Fucosidosis	D005645
Kernicterus	D007647
Leukemia, Monocytic, Acute	D007948
Fractures, Stress	D015775
Photophobia	D020795
Headache	D006261
Carcinoma, Mucoepidermoid	D018277
Peritoneal Dialysis	D010530
Blast Injuries	D001753
Neuromuscular Blockade	D019148
Calciphylaxis	D002115
Neurocysticercosis	D020019
Lyme Neuroborreliosis	D020852
Mediastinitis	D008480
Pituitary ACTH Hypersecretion	D047748
Dandruff	D063807
Comorbidity	D015897
Noonan Syndrome	D009634
Aspergillosis, Allergic Bronchopulmonary	D001229
Leukotriene Antagonists	D020024
Lipodystrophy, Congenital Generalized	D052497
Nerve Crush	D009409
Leukemia, Myeloid, Chronic, Atypical, BCR-ABL Negative	D054438
Leukemia, Myeloid, Chronic-Phase	D015466
Basal Cell Nevus Syndrome	D001478
Cough-Variant Asthma	D000096823
Amyloid Neuropathies, Familial	D028227
Cold Injury	D000067390
Miller Fisher Syndrome	D019846
Gambling	D005715
Factor XIII Deficiency	D005177
Crush Syndrome	D003444
Nerve Regeneration	D009416
Nipah Virus	D045405
Motion Sickness	D009041
Chlamydia trachomatis	D002692
Papilledema	D010211
Phobia, Social	D000072861
Salivary Gland Neoplasms	D012468
Binge-Eating Disorder	D056912
Spider Bites	D001098
Otosclerosis	D010040
Chikungunya virus	D002646
No-Reflow Phenomenon	D054318
Obesity, Abdominal	D056128
Shock, Cardiogenic	D012770
Pancreatic Cyst	D010181
Diphtheria	D004165
Pregnancy in Obesity	D000079262
Subacute Sclerosing Panencephalitis	D013344
HELLP Syndrome	D017359
Pulmonary Heart Disease	D011660
Gynatresia	D006175
Glycogen Storage Disease Type IV	D006011
Stents	D015607
Gastrointestinal Hemorrhage	D006471
Vascular Neoplasms	D019043
Liposarcoma, Myxoid	D018208
Tardive Dyskinesia	D000071057
Melanoma, Cutaneous Malignant	D000096142
Strabismus	D013285
Microvascular Rarefaction	D000073436
Blood-Brain Barrier	D001812
Aspartylglucosaminuria	D054880
Waldenstrom Macroglobulinemia	D008258
Achondroplasia	D000130
Mastectomy, Segmental	D015412
Opisthorchiasis	D009889
Sporotrichosis	D013174
Zika Virus	D000071244
Dental Implantation, Endosseous	D003758
Adenocarcinoma, Follicular	D018263
Ketamine	D007649
Cumulative Trauma Disorders	D012090
Klatskin Tumor	D018285
Trichotillomania	D014256
Focal Cortical Dysplasia	D000092222
Osteolysis, Essential	D010015
Thrombocythemia, Essential	D013920
Exostoses, Multiple Hereditary	D005097
Presbycusis	D011304
Carotid Artery Thrombosis	D002341
Aniridia	D015783
Cyanides	D003486
Hypopituitarism	D007018
Budd-Chiari Syndrome	D006502
Metabolic Side Effects of Drugs and Substances	D065606
Trachoma	D014141
Asphyxia	D001237
Loiasis	D008118
Presbyopia	D011305
Lymphocytic Choriomeningitis	D008216
Heart Disease Risk Factors	D000082742
Critical Illness	D016638
Blood Transfusion	D001803
Urinary Bladder, Underactive	D000077295
Placental Insufficiency	D010927
Menopause, Premature	D008594
Pulmonary Alveolar Proteinosis	D011649
Mustard Gas	D009151
Spinal Nerve Roots	D013126
Hyperemia	D006940
Corneal Ulcer	D003320
Myelin Sheath	D009186
Cholestasis, Extrahepatic	D001651
Penile Neoplasms	D010412
Leukoencephalopathy, Progressive Multifocal	D007968
Vasoconstriction	D014661
Meconium Aspiration Syndrome	D008471
Dupuytren Contracture	D004387
Clonorchiasis	D003003
Cleft Lip	D002971
Nicotine	D009538
Graft Survival	D006085
Chromosome Deletion	D002872
Epithelial-Mesenchymal Transition	D058750
Hemoglobinuria, Paroxysmal	D006457
Tourette Syndrome	D005879
Epidermolysis Bullosa Acquisita	D016107
Microcephaly	D008831
Prehypertension	D058246
Candidiasis, Cutaneous	D002179
Gastroschisis	D020139
Nephrocalcinosis	D009397
Infant Mortality	D007226
Femoral Fractures	D005264
Pachyonychia Congenita	D053549
Opportunistic Infections	D009894
X-Linked Combined Immunodeficiency Diseases	D053632
Neoplasms, Unknown Primary	D009382
Pregnancy, Ectopic	D011271
Postpartum Hemorrhage	D006473
Thrombophlebitis	D013924
Anorexia	D000855
Polycythemia	D011086
Hyponatremia	D007010
Failed Back Surgery Syndrome	D055111
Bee Venoms	D001514
Walker-Warburg Syndrome	D058494
Smoke Inhalation Injury	D015208
Tuberculosis, Spinal	D014399
Hypertensive Encephalopathy	D020343
Adenocarcinoma, Clear Cell	D018262
Craniofacial Dysostosis	D003394
Anovulation	D000858
CADASIL	D046589
Corneal Endothelial Cell Loss	D055954
Survival Rate	D015996
Motor Skills Disorders	D019957
Anhedonia	D059445
Ehrlichiosis	D016873
Genetic Therapy	D015316
Duodenal Neoplasms	D004379
Thromboangiitis Obliterans	D013919
Pick Disease of the Brain	D020774
Angiomyolipoma	D018207
alpha-Thalassemia	D017085
Albinism, Oculocutaneous	D016115
Penile Induration	D010411
Mastocytoma	D034801
Oligospermia	D009845
Homocysteine	D006710
Tooth Apex	D019227
Anaplasmosis	D000712
Anesthesia, Inhalation	D000769
Lupus Erythematosus, Discoid	D008179
Complement System Proteins	D003165
Cecal Diseases	D002429
Fallopian Tube Neoplasms	D005185
Hepatitis D, Chronic	D019701
Rocky Mountain Spotted Fever	D012373
Uterine Cervicitis	D002575
Propofol	D015742
Pseudotumor Cerebri	D011559
Tooth Extraction	D014081
Drug-Seeking Behavior	D058999
Insect Bites and Stings	D007299
Jaw, Edentulous, Partially	D007576
Wounds, Penetrating	D014950
Sarcoidosis, Pulmonary	D017565
Osteoclasts	D010010
Post-Traumatic Headache	D051298
Gas Gangrene	D005738
Alkaptonuria	D000474
Herpesvirus 8, Human	D019288
Sarcoglycanopathies	D058088
Euthyroid Sick Syndromes	D005067
Gallstones	D042882
Choledocholithiasis	D042883
Tuberculosis, Bovine	D014380
Cardiomyopathy, Hypertrophic, Familial	D024741
Hypospadias	D007021
Tonsillar Neoplasms	D014067
Cleft Palate	D002972
Motivation	D009042
Nocturia	D053158
Anosmia	D000086582
Schizophrenia, Treatment-Resistant	D000090663
Arteriosclerosis Obliterans	D001162
Embolism, Fat	D004620
Foreign-Body Reaction	D005549
Hematopoiesis	D006410
MicroRNAs	D035683
Airway Remodeling	D056151
Balantidiasis	D001447
Pelvic Organ Prolapse	D056887
Aflatoxin Poisoning	D000096702
Galactosemias	D005693
ST Elevation Myocardial Infarction	D000072657
Shellfish Hypersensitivity	D000067208
Hallucinations	D006212
Impetigo	D007169
Seminoma	D018239
Community-Acquired Infections	D017714
Conduct Disorder	D019955
Illness Behavior	D055809
Meibomian Gland Dysfunction	D000080343
Tyrosinemias	D020176
Coronary Artery Bypass	D001026
Motor Activity	D009043
Motor Disorders	D000068079
Adiposity	D050154
Neuritis, Autoimmune, Experimental	D009444
Susac Syndrome	D055955
Ichthyosis, Lamellar	D017490
Colchicine	D003078
Cockayne Syndrome	D003057
Influenza A Virus, H5N6 Subtype	D000097025
Chondrodysplasia Punctata, Rhizomelic	D018902
Lacrimal Duct Obstruction	D007767
Vancomycin-Resistant Enterococci	D065507
Blastomycosis	D001759
Fusariosis	D060585
Tinea Capitis	D014006
Pancreatic Fistula	D010185
Pinealoma	D010871
Fluoride Poisoning	D005458
Retinal Ganglion Cells	D012165
Hematoma, Subdural, Chronic	D020200
Diabetes Insipidus, Neurogenic	D020790
Inhalation Exposure	D019570
Pancytopenia	D010198
Sarcoma, Myeloid	D023981
Trichomonas Vaginitis	D014247
Tumor Lysis Syndrome	D015275
Reinfection	D000084063
Protoporphyria, Erythropoietic	D046351
Carotid Stenosis	D016893
Bone Transplantation	D016025
Lymphangiosarcoma	D008204
Food Addiction	D000073932
Cluster Headache	D003027
Sialadenitis	D012793
Degloving Injuries	D000069836
Hematopoietic System	D006413
Breast Implantation	D019928
Vitamin A Deficiency	D014802
Tracheitis	D014136
Herpesvirus 4, Human	D004854
Endodermal Sinus Tumor	D018240
Hyperopia	D006956
Puberty, Precocious	D011629
Scrapie	D012608
Bardet-Biedl Syndrome	D020788
Kidney Concentrating Ability	D007671
Anemia, Hemolytic, Autoimmune	D000744
Dementia, Multi-Infarct	D015161
Postmenopause	D017698
Airway Obstruction	D000402
Status Asthmaticus	D013224
Ganglioneuroma	D005729
Oculocerebrorenal Syndrome	D009800
Antisocial Personality Disorder	D000987
Leukemia, Prolymphocytic, T-Cell	D015461
Encephalitis Viruses, Tick-Borne	D004669
Dentin Sensitivity	D003807
Paget's Disease, Mammary	D010144
Median Neuropathy	D020423
Streptococcus pneumoniae	D013296
Nickel	D009532
Anemia, Diamond-Blackfan	D029503
Herpes Labialis	D006560
Pemphigoid, Benign Mucous Membrane	D010390
Muscle Tonus	D009129
Gastrointestinal Motility	D005769
Hepatitis B virus	D006515
Muscle Fatigue	D018763
Eye Infections, Fungal	D015821
Hearing Loss, Hidden	D000097942
Hendra Virus	D045404
Intracranial Embolism	D020766
Balkan Nephropathy	D001449
Pericarditis	D010493
Vipoma	D003969
Bone Demineralization, Pathologic	D018488
Conscious Sedation	D016292
Blepharitis	D001762
Cisplatin	D002945
Shoulder Impingement Syndrome	D019534
Bilateral Vestibulopathy	D000071699
Uveal Neoplasms	D014604
Leukemia, Prolymphocytic, B-Cell	D054403
Developmental Disabilities	D002658
End Stage Liver Disease	D058625
Hand-Foot Syndrome	D060831
Osteogenesis, Distraction	D019857
Myopia, Degenerative	D047728
Neuroacanthocytosis	D054546
Scrub Typhus	D012612
Porphyria, Erythropoietic	D017092
Dissection, Thoracic Aorta	D000094629
Urinary Catheterization	D014546
Hydronephrosis	D006869
Glomerular Filtration Rate	D005919
Arthrogryposis	D001176
Darier Disease	D007644
CHARGE Syndrome	D058747
Hypertensive Retinopathy	D058437
Vasomotor System	D014666
Meconium Ileus	D000074270
Drowning	D004332
Paresthesia	D010292
Varicose Ulcer	D014647
Esophageal Atresia	D004933
Porphyria, Variegate	D046350
Vestibular Neuronitis	D020338
Zellweger Syndrome	D015211
Xanthomatosis, Cerebrotendinous	D019294
Epididymitis	D004823
Fibrous Dysplasia, Polyostotic	D005359
Cognitive Aging	D000066492
Asthenozoospermia	D053627
Insomnia, Fatal Familial	D034062
Urinary Bladder Calculi	D001744
Gangrene	D005734
Thromboinflammation	D000090882
Scleroderma, Localized	D012594
Dopamine	D004298
Psychoses, Substance-Induced	D011605
Xeroderma Pigmentosum	D014983
Chondroma	D002812
Adiposis Dolorosa	D000274
Costello Syndrome	D056685
Dependency, Psychological	D003858
Congenital Hypothyroidism	D003409
Cerebrovascular Circulation	D002560
Sturge-Weber Syndrome	D013341
Paget Disease, Extramammary	D010145
Cerebral Amyloid Angiopathy, Familial	D028243
Teratocarcinoma	D018243
Surgical Flaps	D013524
Thyroid Hormone Resistance Syndrome	D018382
Aortic Rupture	D001019
Skin Pigmentation	D012880
Tooth Ankylosis	D020254
Leukoplakia, Oral	D007972
May-Thurner Syndrome	D062108
Ehlers-Danlos Syndrome, Type IV	D000094623
Fetal Distress	D005316
Vasoplegia	D056987
Phyllodes Tumor	D003557
Benign Paroxysmal Positional Vertigo	D065635
Spasm	D013035
Dehydration	D003681
Coinfection	D060085
Exsanguination	D058734
Postoperative Nausea and Vomiting	D020250
Tuberculosis, Lymph Node	D014388
Patellar Dislocation	D031222
Anterior Cruciate Ligament Reconstruction	D059549
Dracunculiasis	D004320
Persons with Psychiatric Disorders	D028642
Parainfluenza Virus 3, Human	D010224
Contraception	D003267
Tissue and Organ Procurement	D009927
Laron Syndrome	D046150
Extravasation of Diagnostic and Therapeutic Materials	D005119
T-Lymphocyte Subsets	D016176
Tobacco Smoke Pollution	D014028
Heart Transplantation	D016027
Hepatitis A	D006506
Hemangioendothelioma, Epithelioid	D018323
Lymphocyte Depletion	D008212
Anal Canal	D001003
Melanogenesis	D000095868
Echinococcosis, Hepatic	D004444
Endocarditis, Bacterial	D004697
Dysphonia	D055154
Romano-Ward Syndrome	D029597
Myringosclerosis	D063371
Urinary Retention	D016055
Metrorrhagia	D008796
Pancreatitis, Alcoholic	D019512
Aflatoxins	D000348
Extraintestinal Pathogenic Escherichia coli	D000072282
Open Reading Frames	D016366
Epilepsy, Complex Partial	D017029
Pelvic Neoplasms	D010386
Carotid Body Tumor	D002345
Lennox Gastaut Syndrome	D065768
Oliguria	D009846
Empyema, Pleural	D016724
Ureaplasma Infections	D016869
Shivering	D012768
Proctitis	D011349
Syncope	D013575
Ameloblastoma	D000564
Nut Hypersensitivity	D021184
Kidney Tubular Necrosis, Acute	D007683
Eye Color	D005127
Cholesteatoma, Middle Ear	D018424
Neurocytoma	D018306
Intracranial Pressure	D007427
Diverticulitis	D004238
Influenza A Virus, H9N2 Subtype	D053127
Maxillofacial Injuries	D008446
Laryngopharyngeal Reflux	D057045
Autoimmune Hypophysitis	D000069281
Fentanyl	D005283
Thyrotoxicosis	D013971
Smith-Magenis Syndrome	D058496
Tuberculosis, Miliary	D014391
Alagille Syndrome	D016738
Transplantation, Heterologous	D014183
Cerebral Veins	D002550
Respiratory Paralysis	D012133
Tooth Avulsion	D014084
Carcinoma, Acinar Cell	D018267
Pain, Referred	D053591
