model,test_drug,distance_both,distance_ec50_only,distance_halflife_only,n_samples,MAE_nct,R2_nct,MAE_reduction_pct_nct,n_ncts
lira_trained,Exenatide,1.8215951005182274,1.4842787458764732,1.0559949406940237,16,10.310178916831045,-2.1393295220022757,-2.3111272483280048,2
lira_trained,Medi0382,0.5059892748957061,0.49713478945617706,0.09424514534895156,2,3.826747000000001,-0.3489582019702724,-71.60426413032758,1
lira_trained,Semaglutide,1.4437738995839788,0.015344562166939892,1.4436923555702004,380,8.026012500644715,0.7156227902935066,-43.84299599001129,10
lira_trained,Survodutide,1.2728182322873995,0.3458480826369256,1.2249307556672675,20,6.424065035,0.34494498645382177,-24.191365929623853,1
lira_trained,Tirzepatide,2.00241554488696,1.5612437879764722,1.2538683538991715,26,6.428509163888889,-0.5374674735395786,-33.04123943033036,6
lira_trained,canagliflozin,,,,20,27.187753913767423,-4.433307934114684,95.12869611639277,2
lira_trained,metformin,,,,41,11.988572421503063,-0.163443474754702,20.829099479511942,1
lira_trained,naltrexone,,,,1,23.855880220970164,,45.00123093587062,1
lira_trained,orlistat,,,,21,19.870570742517607,-0.8756275985160726,51.76977686164655,1
lira_trained,phentermine,,,,3,8.634454166666668,-640.7973584272614,269.343743846132,2
