feature,production_model,mice,complete_case
clinical_administration_route_oral,0.11994845900773306,0.19837607207499944,0.12586608424195467
clinical_administration_route_subcutaneous,0.01499361979344485,0.011376120820797107,0.01828076340010075
clinical_age_groups_ADULT,0.07399178372755758,0.07272978102356951,0.053362783482072906
"clinical_age_groups_ADULT,OLDER_ADULT",0.03812064481194919,0.05917010795913012,0.034979711078607215
clinical_age_groups_CHILD,0.020058411278351874,0.01975231911333337,0.02050561605247285
"clinical_age_groups_CHILD,ADULT",0.34213510472287645,0.2653308425211589,0.26452154636416625
"clinical_age_groups_CHILD,ADULT,OLDER_ADULT",0.0,0.0,0.0
clinical_phases_PHASE2,0.11626422967013038,0.07636511344399927,0.10290879820197837
clinical_phases_PHASE3,0.038049660597871064,0.07127883737560667,0.0613493214036616
clinical_phases_PHASE4,0.08118453723699395,0.07758620965982618,0.0946607193893375
clinical_phases_Unknown,0.0,0.0,0.0
clinical_sample_size,0.46296411260889525,0.5805587344961808,0.5398259530086479
cumulative_dose_translation_ratio,0.4683515467880955,0.4056761469640586,0.33006274846081607
dose_translation_ratio,0.8423031241251168,0.7305200845809127,0.8620244711288839
duration_ratio,0.24517210938321873,0.27325139479968713,0.40406040397201654
frequency_ratio,0.055686168412555234,0.0681932815132021,0.06309950049051513
is_route_match,0.07736454986546278,0.07158049561363193,0.05913961453435304
preclinical_administration_route_intraperitoneal,0.6098141174513907,0.5258676179900585,0.7517241188834818
preclinical_administration_route_oral,0.026051575940516297,0.014341862516949374,0.05918777053435376
preclinical_administration_route_subcutaneous,0.05052687326784571,0.07546663612540244,0.04550209947767858
preclinical_administration_route_unknown,0.0,0.0,0.0
preclinical_animal_age_before_treatment(days),1.5417728833428297,1.6615154310931264,0.8631319060296916
preclinical_animal_sex_Unknown,0.00416880986074528,0.05260885805055385,0.02704402213232573
preclinical_animal_sex_both,0.0,0.0,0.0
preclinical_animal_sex_female,0.080430722407145,0.012708826001694819,0.10567136046435627
preclinical_animal_sex_male,0.14653579376135412,0.06620093380861733,0.1681973059817478
preclinical_animal_species_cynomolgus monkeys,0.0,0.0,0.0
preclinical_animal_species_hamsters,0.0007593072126080253,0.0,0.0056061572234528565
preclinical_animal_species_mice,0.03500606047561963,0.04188637082048336,0.02657327791680463
preclinical_animal_species_rats,0.1737047744951713,0.07709305051113062,0.18985313567874285
preclinical_animal_strain_Ay,0.0,0.0,0.0
preclinical_animal_strain_C57BL/6,0.05112943864916036,0.10613544517700398,0.10649012462338196
preclinical_animal_strain_CD-1,0.0,0.0,0.0
preclinical_animal_strain_DIO-prone Sprague–Dawley,0.0,0.0,0.0
preclinical_animal_strain_Golden Syrian,0.0070060257902655725,0.0,0.03202788353623126
preclinical_animal_strain_Goto-Kakizaki,0.14977811832782387,0.10677019535486848,0.0833632156042149
preclinical_animal_strain_ICR,0.0,0.0,0.0
preclinical_animal_strain_KKAy,0.02952413349992927,0.0,0.009979418084577077
preclinical_animal_strain_Ldlr−/−,0.0026716647261859064,0.0,0.04826669248535226
preclinical_animal_strain_Ldlr−/−.Leiden,0.0,0.0,0.0
preclinical_animal_strain_Long-Evans,0.0,0.0,
preclinical_animal_strain_SDT fatty,0.0,0.0,0.0
preclinical_animal_strain_Sprague-Dawley,0.017180178810862323,0.023390296194595647,0.03343299454037715
preclinical_animal_strain_Unknown,0.0,0.002388651025120495,0.001910559969364849
preclinical_animal_strain_Wistar,0.4590716594389712,0.37084521476553955,0.7284265308414998
preclinical_animal_strain_Zucker fatty,0.0,0.0,0.0
preclinical_animal_strain_db/db,0.09603786323377095,0.11619800589513885,0.1626733636112374
preclinical_animal_strain_ob/ob,0.0,0.0,0.0
preclinical_animal_subject_size,0.8710825661644833,0.6172729698895167,1.3053591752200342
preclinical_animal_weight_before_treatment(grams),3.9476252795034608,3.017931253741824,5.034841075261298
preclinical_disease_model_diet-induced,0.1639852405394668,0.05759538813842829,0.046949885267180504
preclinical_disease_model_genetic,0.011653921178186241,0.005142173082779657,0.002365300548259253
preclinical_disease_model_genetic+diet,0.0,0.0,0.0
preclinical_dosage_duration(days),2.196481109443688,3.8912511878973453,2.2286856007702305
